id	multiplicon	basecluster	gene_x	gene_y	coord_x	coord_y	is_real_anchorpoint
0	1	1	Aqcoe2G339900.1	Aqcoe5G058700.1	2988	524	-1
1	1	1	Aqcoe2G340500.1	Aqcoe5G058300.1	2993	520	-1
2	1	1	Aqcoe2G341000.1	Aqcoe5G057900.1	2997	517	-1
3	1	1	Aqcoe2G341800.1	Aqcoe5G057200.1	3004	510	-1
4	1	1	Aqcoe2G345000.1	Aqcoe5G055700.1	3030	497	-1
5	1	1	Aqcoe2G345100.1	Aqcoe5G055500.1	3031	495	-1
6	1	1	Aqcoe2G345400.1	Aqcoe5G055300.1	3034	493	-1
7	1	1	Aqcoe2G345500.1	Aqcoe5G055000.1	3035	490	-1
8	1	1	Aqcoe2G346800.1	Aqcoe5G053500.1	3045	475	-1
9	1	1	Aqcoe2G347100.1	Aqcoe5G053200.1	3047	472	-1
10	1	1	Aqcoe2G347300.1	Aqcoe5G053000.1	3049	471	-1
11	1	1	Aqcoe2G347500.1	Aqcoe5G052900.1	3051	470	-1
12	1	1	Aqcoe2G347700.1	Aqcoe5G052400.1	3053	465	-1
13	1	1	Aqcoe2G348200.1	Aqcoe5G052200.1	3057	463	-1
14	1	1	Aqcoe2G348400.1	Aqcoe5G051800.1	3059	460	-1
15	1	1	Aqcoe2G348600.1	Aqcoe5G051700.1	3061	459	-1
16	1	1	Aqcoe2G349900.1	Aqcoe5G050400.1	3070	448	-1
17	1	1	Aqcoe2G350400.1	Aqcoe5G050000.1	3075	444	-1
18	1	1	Aqcoe2G350700.1	Aqcoe5G049800.1	3078	442	-1
19	1	1	Aqcoe2G351600.1	Aqcoe5G049100.1	3087	435	-1
20	1	1	Aqcoe2G352000.1	Aqcoe5G048900.1	3091	433	-1
21	1	1	Aqcoe2G352300.1	Aqcoe5G048600.1	3094	431	-1
22	1	1	Aqcoe2G352600.1	Aqcoe5G048200.1	3097	428	-1
23	1	1	Aqcoe2G353000.1	Aqcoe5G047300.1	3100	419	-1
24	1	1	Aqcoe2G354000.1	Aqcoe5G046300.1	3109	410	-1
25	1	1	Aqcoe2G354600.1	Aqcoe5G046100.1	3114	408	-1
26	1	1	Aqcoe2G355000.1	Aqcoe5G045700.1	3118	405	-1
27	1	1	Aqcoe2G355200.1	Aqcoe5G045500.1	3120	403	-1
28	1	1	Aqcoe2G355300.1	Aqcoe5G045400.1	3121	402	-1
29	1	1	Aqcoe2G355600.1	Aqcoe5G045200.1	3124	400	-1
30	1	1	Aqcoe2G355800.1	Aqcoe5G045100.1	3126	399	-1
31	1	1	Aqcoe2G355900.1	Aqcoe5G044800.1	3127	396	-1
32	1	1	Aqcoe2G356100.1	Aqcoe5G044700.1	3129	395	-1
33	1	1	Aqcoe2G356300.1	Aqcoe5G044100.1	3130	389	-1
34	1	1	Aqcoe2G357000.1	Aqcoe5G043600.1	3137	384	-1
35	1	2	Aqcoe2G331400.1	Aqcoe5G062100.1	2907	553	-1
36	1	2	Aqcoe2G332000.1	Aqcoe5G061700.1	2913	550	-1
37	1	2	Aqcoe2G332700.1	Aqcoe5G061400.1	2920	547	-1
38	1	2	Aqcoe2G333900.1	Aqcoe5G060300.1	2932	540	-1
39	1	2	Aqcoe2G334400.1	Aqcoe5G060200.1	2937	539	-1
40	1	2	Aqcoe2G335200.1	Aqcoe5G060100.1	2945	538	-1
41	1	2	Aqcoe2G336300.1	Aqcoe5G059800.1	2955	535	-1
42	1	2	Aqcoe2G337400.1	Aqcoe5G059400.1	2966	531	-1
43	1	2	Aqcoe2G337600.1	Aqcoe5G059000.1	2968	527	-1
44	1	3	Aqcoe2G360200.1	Aqcoe5G040500.1	3160	357	-1
45	1	3	Aqcoe2G362300.1	Aqcoe5G039300.1	3178	347	-1
46	1	3	Aqcoe2G363600.1	Aqcoe5G038200.1	3189	338	-1
47	1	3	Aqcoe2G364300.1	Aqcoe5G036500.1	3195	322	-1
48	1	3	Aqcoe2G365300.1	Aqcoe5G035400.1	3203	311	-1
49	1	3	Aqcoe2G365400.1	Aqcoe5G035500.1	3204	312	-1
50	1	3	Aqcoe2G366600.1	Aqcoe5G033700.1	3216	299	-1
51	1	3	Aqcoe2G367000.1	Aqcoe5G033400.1	3220	297	-1
52	1	3	Aqcoe2G368500.1	Aqcoe5G032500.1	3235	291	-1
53	1	3	Aqcoe2G369900.1	Aqcoe5G029600.1	3247	265	-1
54	1	3	Aqcoe2G371600.1	Aqcoe5G028200.1	3257	255	-1
55	1	3	Aqcoe2G372400.1	Aqcoe5G027200.1	3264	248	-1
56	1	3	Aqcoe2G374400.1	Aqcoe5G024800.1	3278	227	-1
57	1	3	Aqcoe2G375100.1	Aqcoe5G024600.1	3283	225	-1
58	1	3	Aqcoe2G375300.1	Aqcoe5G024400.1	3285	223	-1
59	1	3	Aqcoe2G375400.1	Aqcoe5G024300.1	3286	222	-1
60	1	3	Aqcoe2G375500.1	Aqcoe5G024200.1	3287	221	-1
61	1	3	Aqcoe2G375800.1	Aqcoe5G024000.1	3290	219	-1
62	1	3	Aqcoe2G375900.1	Aqcoe5G024100.1	3291	220	-1
63	1	3	Aqcoe2G377100.1	Aqcoe5G023300.1	3298	212	-1
64	1	3	Aqcoe2G377800.1	Aqcoe5G023200.1	3303	211	-1
65	1	3	Aqcoe2G378100.1	Aqcoe5G023100.1	3306	210	-1
66	1	3	Aqcoe2G378800.1	Aqcoe5G022100.1	3313	200	-1
67	1	3	Aqcoe2G379000.1	Aqcoe5G022700.1	3314	206	-1
68	1	3	Aqcoe2G380100.1	Aqcoe5G020400.1	3324	185	-1
69	1	3	Aqcoe2G381200.1	Aqcoe5G019400.1	3335	175	-1
70	1	3	Aqcoe2G383800.1	Aqcoe5G017100.1	3355	154	-1
71	1	4	Aqcoe2G372200.1	Aqcoe5G026200.1	3262	241	-1
72	1	4	Aqcoe2G372300.1	Aqcoe5G026500.1	3263	244	-1
73	2	5	Aqcoe3G281500.1	Aqcoe3G126800.1	2474	1088	-1
74	2	5	Aqcoe3G282900.1	Aqcoe3G126200.1	2487	1082	-1
75	2	5	Aqcoe3G283300.1	Aqcoe3G125700.1	2491	1078	-1
76	2	5	Aqcoe3G283500.1	Aqcoe3G125400.1	2493	1075	-1
77	2	5	Aqcoe3G286800.1	Aqcoe3G124000.1	2518	1062	-1
78	2	5	Aqcoe3G289800.1	Aqcoe3G122300.1	2543	1045	-1
79	2	5	Aqcoe3G289900.1	Aqcoe3G122200.1	2544	1044	-1
80	2	5	Aqcoe3G291200.1	Aqcoe3G121900.1	2556	1041	-1
81	2	5	Aqcoe3G291300.1	Aqcoe3G121600.1	2557	1038	-1
82	2	5	Aqcoe3G292600.1	Aqcoe3G119800.1	2566	1022	-1
83	2	5	Aqcoe3G293300.1	Aqcoe3G118800.1	2573	1014	-1
84	2	5	Aqcoe3G294100.1	Aqcoe3G117800.1	2581	1004	-1
85	2	5	Aqcoe3G298500.1	Aqcoe3G114600.1	2611	978	-1
86	2	5	Aqcoe3G298800.1	Aqcoe3G114400.1	2614	976	-1
87	2	5	Aqcoe3G299400.1	Aqcoe3G114000.1	2619	973	-1
88	2	5	Aqcoe3G300900.1	Aqcoe3G111900.1	2632	962	-1
89	2	5	Aqcoe3G301300.1	Aqcoe3G110500.1	2636	956	-1
90	2	5	Aqcoe3G302100.1	Aqcoe3G110200.1	2643	954	-1
91	2	5	Aqcoe3G303100.1	Aqcoe3G110000.1	2651	952	-1
92	2	5	Aqcoe3G303600.1	Aqcoe3G109300.1	2656	947	-1
93	2	5	Aqcoe3G303700.1	Aqcoe3G109200.1	2657	946	-1
94	2	5	Aqcoe3G304000.1	Aqcoe3G107700.1	2660	932	-1
95	2	5	Aqcoe3G304900.1	Aqcoe3G107400.1	2669	929	-1
96	2	5	Aqcoe3G305000.1	Aqcoe3G107100.1	2670	926	-1
97	2	5	Aqcoe3G307800.1	Aqcoe3G105500.1	2693	915	-1
98	2	5	Aqcoe3G310600.1	Aqcoe3G103800.1	2714	900	-1
99	2	5	Aqcoe3G311100.1	Aqcoe3G103700.1	2719	899	-1
100	2	5	Aqcoe3G311800.1	Aqcoe3G103100.1	2726	893	-1
101	2	5	Aqcoe3G312100.1	Aqcoe3G103000.1	2729	892	-1
102	2	5	Aqcoe3G313300.1	Aqcoe3G102800.1	2740	890	-1
103	2	5	Aqcoe3G313700.1	Aqcoe3G102300.1	2742	885	-1
104	2	5	Aqcoe3G314100.1	Aqcoe3G102100.1	2746	884	-1
105	2	5	Aqcoe3G315200.1	Aqcoe3G101200.1	2757	876	-1
106	2	5	Aqcoe3G316100.1	Aqcoe3G100300.1	2766	867	-1
107	2	5	Aqcoe3G316900.1	Aqcoe3G100000.1	2774	864	-1
108	2	5	Aqcoe3G317200.1	Aqcoe3G099300.1	2777	858	-1
109	2	5	Aqcoe3G317700.1	Aqcoe3G099000.1	2782	855	-1
110	2	5	Aqcoe3G327400.1	Aqcoe3G087400.1	2854	758	-1
111	2	5	Aqcoe3G327600.1	Aqcoe3G090100.1	2856	782	-1
112	2	5	Aqcoe3G328100.1	Aqcoe3G089900.1	2861	780	-1
113	2	5	Aqcoe3G328900.1	Aqcoe3G088500.1	2869	768	-1
114	2	5	Aqcoe3G330400.1	Aqcoe3G087000.1	2881	754	-1
115	2	5	Aqcoe3G330500.1	Aqcoe3G086900.1	2882	753	-1
116	2	5	Aqcoe3G332700.1	Aqcoe3G085900.1	2897	745	-1
117	2	5	Aqcoe3G332900.1	Aqcoe3G085400.1	2899	740	-1
118	2	5	Aqcoe3G333200.1	Aqcoe3G084800.1	2902	736	-1
119	2	5	Aqcoe3G333400.1	Aqcoe3G084700.1	2904	735	-1
120	2	5	Aqcoe3G334700.1	Aqcoe3G083500.1	2917	723	-1
121	2	5	Aqcoe3G335300.1	Aqcoe3G081500.1	2923	706	-1
122	2	5	Aqcoe3G335500.1	Aqcoe3G081100.1	2925	702	-1
123	2	5	Aqcoe3G336200.1	Aqcoe3G080200.1	2932	693	-1
124	2	5	Aqcoe3G336300.1	Aqcoe3G080100.1	2933	692	-1
125	2	5	Aqcoe3G336600.1	Aqcoe3G079900.1	2936	690	-1
126	2	5	Aqcoe3G336700.1	Aqcoe3G079800.1	2937	689	-1
127	2	5	Aqcoe3G337000.1	Aqcoe3G079500.1	2940	686	-1
128	2	5	Aqcoe3G337400.1	Aqcoe3G079400.1	2944	685	-1
129	2	5	Aqcoe3G337700.1	Aqcoe3G079300.1	2947	684	-1
130	2	5	Aqcoe3G338700.1	Aqcoe3G078600.1	2956	679	-1
131	2	5	Aqcoe3G339500.1	Aqcoe3G078700.1	2964	680	-1
132	2	6	Aqcoe3G288500.1	Aqcoe3G122700.1	2533	1049	-1
133	2	6	Aqcoe3G289100.1	Aqcoe3G123600.1	2539	1058	-1
134	2	6	Aqcoe3G289200.1	Aqcoe3G123700.1	2540	1059	-1
135	3	7	Aqcoe6G132800.1	Aqcoe5G145300.1	1105	1277	-1
136	3	7	Aqcoe6G134000.1	Aqcoe5G145500.1	1113	1279	-1
137	3	7	Aqcoe6G134200.1	Aqcoe5G145800.1	1115	1282	-1
138	3	7	Aqcoe6G134300.1	Aqcoe5G145900.1	1116	1283	-1
139	3	7	Aqcoe6G134700.1	Aqcoe5G146000.1	1120	1284	-1
140	3	7	Aqcoe6G135500.1	Aqcoe5G146300.1	1124	1287	-1
141	3	7	Aqcoe6G136600.1	Aqcoe5G146800.1	1133	1291	-1
142	3	7	Aqcoe6G136700.1	Aqcoe5G147100.1	1134	1294	-1
143	3	7	Aqcoe6G137100.1	Aqcoe5G147200.1	1137	1295	-1
144	3	7	Aqcoe6G138500.1	Aqcoe5G148300.1	1145	1306	-1
145	3	7	Aqcoe6G138800.1	Aqcoe5G150000.1	1147	1310	-1
146	3	7	Aqcoe6G140300.1	Aqcoe5G151600.1	1161	1326	-1
147	3	7	Aqcoe6G140600.1	Aqcoe5G151900.1	1164	1329	-1
148	3	7	Aqcoe6G141800.1	Aqcoe5G152600.1	1173	1336	-1
149	3	7	Aqcoe6G142100.1	Aqcoe5G153000.1	1176	1340	-1
150	3	7	Aqcoe6G144400.1	Aqcoe5G154100.1	1194	1347	-1
151	3	7	Aqcoe6G144500.1	Aqcoe5G154300.1	1195	1349	-1
152	3	7	Aqcoe6G145600.1	Aqcoe5G156200.1	1206	1364	-1
153	3	7	Aqcoe6G147200.1	Aqcoe5G157500.1	1215	1371	-1
154	3	7	Aqcoe6G147600.1	Aqcoe5G157600.1	1219	1372	-1
155	3	7	Aqcoe6G148100.1	Aqcoe5G158100.1	1223	1376	-1
156	3	7	Aqcoe6G150300.1	Aqcoe5G159300.1	1232	1381	-1
157	3	7	Aqcoe6G150500.1	Aqcoe5G159400.1	1234	1382	-1
158	3	7	Aqcoe6G152900.1	Aqcoe5G159900.1	1252	1387	-1
159	3	7	Aqcoe6G153400.1	Aqcoe5G160400.1	1257	1392	-1
160	3	7	Aqcoe6G154600.1	Aqcoe5G161200.1	1266	1400	-1
161	3	7	Aqcoe6G155100.1	Aqcoe5G162100.1	1270	1409	-1
162	3	7	Aqcoe6G155400.1	Aqcoe5G162200.1	1273	1410	-1
163	3	7	Aqcoe6G156100.1	Aqcoe5G162500.1	1280	1413	-1
164	3	7	Aqcoe6G156200.1	Aqcoe5G162800.1	1281	1416	-1
165	3	7	Aqcoe6G156300.1	Aqcoe5G163000.1	1282	1418	-1
166	3	7	Aqcoe6G156400.1	Aqcoe5G163100.1	1283	1419	-1
167	3	7	Aqcoe6G156800.1	Aqcoe5G163300.1	1287	1421	-1
168	3	7	Aqcoe6G157100.1	Aqcoe5G163800.1	1290	1426	-1
169	3	7	Aqcoe6G157200.1	Aqcoe5G163900.1	1291	1427	-1
170	4	8	Aqcoe6G101900.1	Aqcoe5G205700.1	853	1790	-1
171	4	8	Aqcoe6G103000.1	Aqcoe5G205400.1	859	1787	-1
172	4	8	Aqcoe6G104300.1	Aqcoe5G204000.1	872	1776	-1
173	4	8	Aqcoe6G104500.1	Aqcoe5G203600.1	874	1772	-1
174	4	8	Aqcoe6G104900.1	Aqcoe5G202900.1	878	1765	-1
175	4	8	Aqcoe6G105300.1	Aqcoe5G202600.1	880	1763	-1
176	4	8	Aqcoe6G107900.1	Aqcoe5G202000.1	891	1757	-1
177	4	8	Aqcoe6G108600.1	Aqcoe5G200300.1	898	1745	-1
178	4	8	Aqcoe6G109300.1	Aqcoe5G199600.1	905	1738	-1
179	4	8	Aqcoe6G109700.1	Aqcoe5G199400.1	909	1736	-1
180	4	8	Aqcoe6G110900.1	Aqcoe5G198900.1	919	1733	-1
181	4	8	Aqcoe6G112300.1	Aqcoe5G197300.1	933	1719	-1
182	4	8	Aqcoe6G112700.1	Aqcoe5G197100.1	936	1717	-1
183	4	8	Aqcoe6G112900.1	Aqcoe5G197000.1	938	1716	-1
184	4	9	Aqcoe6G114800.1	Aqcoe5G196300.1	956	1709	-1
185	4	9	Aqcoe6G116300.1	Aqcoe5G195700.1	968	1704	-1
186	4	9	Aqcoe6G117200.1	Aqcoe5G194300.1	975	1690	-1
187	4	9	Aqcoe6G117500.1	Aqcoe5G194000.1	978	1687	-1
188	4	9	Aqcoe6G118800.1	Aqcoe5G193100.1	990	1678	-1
189	4	9	Aqcoe6G120500.1	Aqcoe5G191100.1	1006	1661	-1
190	4	9	Aqcoe6G120800.1	Aqcoe5G190500.1	1009	1655	-1
191	4	9	Aqcoe6G121000.1	Aqcoe5G190300.1	1011	1653	-1
192	4	9	Aqcoe6G121100.1	Aqcoe5G190100.1	1012	1651	-1
193	4	9	Aqcoe6G121300.1	Aqcoe5G190000.1	1014	1650	-1
194	7	12	Aqcoe2G089400.1	Aqcoe1G414100.1	795	3581	-1
195	7	12	Aqcoe2G089500.1	Aqcoe1G414300.1	796	3583	-1
196	7	12	Aqcoe2G090000.1	Aqcoe1G415300.1	800	3590	-1
197	7	12	Aqcoe2G090400.1	Aqcoe1G416900.1	803	3604	-1
198	7	12	Aqcoe2G091200.1	Aqcoe1G417800.1	811	3612	-1
199	7	12	Aqcoe2G091400.1	Aqcoe1G417500.1	813	3609	-1
200	7	12	Aqcoe2G091600.1	Aqcoe1G417900.1	815	3613	-1
201	7	12	Aqcoe2G091700.1	Aqcoe1G418400.1	816	3617	-1
202	7	12	Aqcoe2G092600.1	Aqcoe1G419000.1	824	3623	-1
203	7	12	Aqcoe2G092900.1	Aqcoe1G419100.1	827	3624	-1
204	7	12	Aqcoe2G093300.1	Aqcoe1G419600.1	831	3629	-1
205	7	12	Aqcoe2G094400.1	Aqcoe1G420100.1	840	3634	-1
206	7	12	Aqcoe2G095400.1	Aqcoe1G420400.1	849	3636	-1
207	7	12	Aqcoe2G095600.1	Aqcoe1G422000.1	851	3646	-1
208	7	12	Aqcoe2G096600.1	Aqcoe1G422700.1	861	3652	-1
209	7	12	Aqcoe2G097800.1	Aqcoe1G425200.1	872	3674	-1
210	7	12	Aqcoe2G098300.1	Aqcoe1G424500.1	876	3668	-1
211	7	13	Aqcoe2G099600.1	Aqcoe1G427700.1	889	3696	-1
212	7	13	Aqcoe2G099900.1	Aqcoe1G428700.1	891	3704	-1
213	7	13	Aqcoe2G100700.1	Aqcoe1G429000.1	898	3707	-1
214	7	13	Aqcoe2G102800.1	Aqcoe1G431100.1	915	3727	-1
215	7	13	Aqcoe2G103300.1	Aqcoe1G431500.1	920	3731	-1
216	9	15	Aqcoe2G318900.1	Aqcoe5G070400.1	2804	630	-1
217	9	15	Aqcoe2G319000.1	Aqcoe5G070300.1	2805	629	-1
218	9	15	Aqcoe2G319300.1	Aqcoe5G070000.1	2808	626	-1
219	9	15	Aqcoe2G321200.1	Aqcoe5G067100.1	2827	600	-1
220	9	15	Aqcoe2G321400.1	Aqcoe5G067000.1	2828	599	-1
221	9	15	Aqcoe2G321500.1	Aqcoe5G066900.1	2829	598	-1
222	9	15	Aqcoe2G322700.1	Aqcoe5G066400.1	2834	593	-1
223	9	15	Aqcoe2G322800.1	Aqcoe5G066300.1	2835	592	-1
224	9	15	Aqcoe2G322900.1	Aqcoe5G066000.1	2836	589	-1
225	9	15	Aqcoe2G323300.1	Aqcoe5G065400.1	2840	585	-1
226	9	15	Aqcoe2G324300.1	Aqcoe5G065000.1	2849	581	-1
227	9	15	Aqcoe2G325000.1	Aqcoe5G064600.1	2855	577	-1
228	9	15	Aqcoe2G327600.1	Aqcoe5G063100.1	2876	562	-1
229	9	15	Aqcoe2G327700.1	Aqcoe5G062900.1	2877	560	-1
230	9	15	Aqcoe2G328200.1	Aqcoe5G062700.1	2882	558	-1
231	9	16	Aqcoe2G314900.1	Aqcoe5G073200.1	2773	653	-1
232	9	16	Aqcoe2G315000.1	Aqcoe5G073300.1	2774	654	-1
233	9	16	Aqcoe2G315100.1	Aqcoe5G073400.1	2775	655	-1
234	9	16	Aqcoe2G315500.1	Aqcoe5G074000.1	2779	661	-1
235	9	16	Aqcoe2G315800.1	Aqcoe5G074400.1	2782	665	-1
236	9	16	Aqcoe2G316800.1	Aqcoe5G074800.1	2787	668	-1
237	9	16	Aqcoe2G317700.1	Aqcoe5G075200.1	2795	672	-1
238	10	17	Aqcoe2G177200.1	Aqcoe1G473400.1	1581	4079	-1
239	10	17	Aqcoe2G178600.1	Aqcoe1G471500.1	1595	4061	-1
240	10	17	Aqcoe2G179800.1	Aqcoe1G470800.1	1606	4054	-1
241	10	17	Aqcoe2G180000.1	Aqcoe1G470700.1	1608	4053	-1
242	10	17	Aqcoe2G180300.1	Aqcoe1G470400.1	1611	4051	-1
243	10	17	Aqcoe2G180700.1	Aqcoe1G470200.1	1615	4049	-1
244	10	17	Aqcoe2G182000.1	Aqcoe1G467600.1	1627	4029	-1
245	10	17	Aqcoe2G182400.1	Aqcoe1G466500.1	1631	4020	-1
246	10	17	Aqcoe2G182600.1	Aqcoe1G465900.1	1633	4014	-1
247	10	18	Aqcoe2G172700.1	Aqcoe1G478700.1	1538	4123	-1
248	10	18	Aqcoe2G172900.1	Aqcoe1G478600.1	1540	4122	-1
249	10	18	Aqcoe2G175400.1	Aqcoe1G477500.1	1563	4113	-1
250	10	18	Aqcoe2G176000.1	Aqcoe1G476800.1	1569	4106	-1
251	10	18	Aqcoe2G176500.1	Aqcoe1G476100.1	1574	4101	-1
252	10	18	Aqcoe2G176700.1	Aqcoe1G475900.1	1576	4099	-1
253	12	20	Aqcoe1G471400.1	Aqcoe4G024800.1	104	191	-1
254	12	20	Aqcoe2G179100.1	Aqcoe4G025300.1	107	194	-1
255	13	21	Aqcoe2G299100.1	Aqcoe5G091700.1	2639	808	-1
256	13	21	Aqcoe2G302300.1	Aqcoe5G094800.1	2659	833	-1
257	13	22	Aqcoe2G287800.1	Aqcoe5G093400.1	2547	820	-1
258	13	22	Aqcoe2G290200.1	Aqcoe5G091500.1	2564	806	-1
259	13	22	Aqcoe2G290900.1	Aqcoe5G090300.1	2571	794	-1
260	13	22	Aqcoe2G291000.1	Aqcoe5G090200.1	2572	793	-1
261	13	22	Aqcoe2G291700.1	Aqcoe5G089400.1	2576	785	-1
262	13	22	Aqcoe2G292100.1	Aqcoe5G089200.1	2580	783	-1
263	13	22	Aqcoe2G292600.1	Aqcoe5G088900.1	2585	780	-1
264	13	22	Aqcoe2G294100.1	Aqcoe5G088100.1	2598	772	-1
265	13	22	Aqcoe2G295300.1	Aqcoe5G088000.1	2602	771	-1
266	13	22	Aqcoe2G295400.1	Aqcoe5G087700.1	2603	768	-1
267	13	22	Aqcoe2G295500.1	Aqcoe5G087500.1	2604	766	-1
268	13	22	Aqcoe2G296300.1	Aqcoe5G086900.1	2612	761	-1
269	13	22	Aqcoe2G296500.1	Aqcoe5G086700.1	2614	760	-1
270	13	22	Aqcoe2G296900.1	Aqcoe5G085400.1	2618	749	-1
271	13	22	Aqcoe2G297700.1	Aqcoe5G084600.1	2626	741	-1
272	13	22	Aqcoe2G297900.1	Aqcoe5G084400.1	2628	739	-1
273	14	23	Aqcoe2G203500.1	Aqcoe1G134500.1	1832	1186	-1
274	14	23	Aqcoe2G205000.1	Aqcoe1G133600.1	1845	1179	-1
275	14	23	Aqcoe2G205500.1	Aqcoe1G132600.1	1850	1169	-1
276	14	23	Aqcoe2G206200.1	Aqcoe1G131400.1	1857	1158	-1
277	14	23	Aqcoe2G206500.1	Aqcoe1G131300.1	1859	1157	-1
278	14	23	Aqcoe2G207300.1	Aqcoe1G131200.1	1866	1156	-1
279	14	23	Aqcoe2G208100.1	Aqcoe1G130800.1	1874	1153	-1
280	14	23	Aqcoe2G208300.1	Aqcoe1G130600.1	1876	1151	-1
281	14	23	Aqcoe2G208900.1	Aqcoe1G130000.1	1882	1146	-1
282	14	23	Aqcoe2G211300.1	Aqcoe1G128300.1	1904	1130	-1
283	14	23	Aqcoe2G211700.1	Aqcoe1G128100.1	1908	1128	-1
284	14	23	Aqcoe2G212100.1	Aqcoe1G127700.1	1912	1124	-1
285	14	23	Aqcoe2G212700.1	Aqcoe1G126900.1	1918	1118	-1
286	14	23	Aqcoe2G214800.1	Aqcoe1G124300.1	1938	1098	-1
287	14	23	Aqcoe2G216400.1	Aqcoe1G122700.1	1953	1084	-1
288	15	24	Aqcoe2G210600.1	Aqcoe2G200600.1	81	1803	-1
289	115	132	Aqcoe2G210600.1	Aqcoe2G200600.1	1897	1803	-1
290	19	28	Aqcoe4G091300.1	Aqcoe1G256700.1	660	2256	-1
291	19	28	Aqcoe4G091700.1	Aqcoe1G257000.1	663	2259	-1
292	19	28	Aqcoe4G093300.1	Aqcoe1G258100.1	673	2269	-1
293	19	28	Aqcoe4G095900.1	Aqcoe1G260200.1	688	2289	-1
294	19	28	Aqcoe4G096200.1	Aqcoe1G260500.1	691	2292	-1
295	19	28	Aqcoe4G096300.1	Aqcoe1G260600.1	692	2293	-1
296	19	28	Aqcoe4G097400.1	Aqcoe1G261600.1	701	2302	-1
297	19	28	Aqcoe4G099400.1	Aqcoe1G262000.1	713	2306	-1
298	19	28	Aqcoe4G099600.1	Aqcoe1G262200.1	715	2308	-1
299	19	28	Aqcoe4G099700.1	Aqcoe1G262300.1	716	2309	-1
300	19	28	Aqcoe4G099800.1	Aqcoe1G262400.1	717	2310	-1
301	19	28	Aqcoe4G100700.1	Aqcoe1G263400.1	725	2319	-1
302	19	28	Aqcoe4G102800.1	Aqcoe1G264100.1	742	2326	-1
303	19	28	Aqcoe4G102900.1	Aqcoe1G264200.1	743	2327	-1
304	19	28	Aqcoe4G103200.1	Aqcoe1G264400.1	745	2329	-1
305	20	29	Aqcoe2G127900.1	Aqcoe1G456800.1	1139	3946	-1
306	20	29	Aqcoe2G128400.1	Aqcoe1G456400.1	1144	3942	-1
307	20	29	Aqcoe2G129100.1	Aqcoe1G455500.1	1150	3936	-1
308	20	29	Aqcoe2G129400.1	Aqcoe1G455400.1	1152	3935	-1
309	20	29	Aqcoe2G129500.1	Aqcoe1G454700.1	1153	3930	-1
310	20	29	Aqcoe2G129700.1	Aqcoe1G454400.1	1155	3927	-1
311	20	29	Aqcoe2G129800.1	Aqcoe1G454300.1	1156	3926	-1
312	20	29	Aqcoe2G129900.1	Aqcoe1G454000.1	1157	3923	-1
313	20	29	Aqcoe2G131500.1	Aqcoe1G452000.1	1172	3905	-1
314	20	29	Aqcoe2G132100.1	Aqcoe1G451200.1	1176	3897	-1
315	20	29	Aqcoe2G132200.1	Aqcoe1G451100.1	1177	3896	-1
316	20	29	Aqcoe2G134300.1	Aqcoe1G450400.1	1194	3889	-1
317	20	29	Aqcoe2G136200.1	Aqcoe1G450200.1	1206	3887	-1
318	20	29	Aqcoe2G137900.1	Aqcoe1G449300.1	1222	3880	-1
319	20	29	Aqcoe2G139400.1	Aqcoe1G448600.1	1237	3873	-1
320	20	29	Aqcoe2G141600.1	Aqcoe1G446200.1	1255	3852	-1
321	21	30	Aqcoe3G137500.1	Aqcoe5G389200.1	1183	3398	-1
322	21	30	Aqcoe3G138000.1	Aqcoe5G391900.1	1188	3417	-1
323	21	30	Aqcoe3G138100.1	Aqcoe5G392100.1	1189	3419	-1
324	21	30	Aqcoe3G138600.1	Aqcoe5G392200.1	1194	3420	-1
325	21	30	Aqcoe3G140600.1	Aqcoe5G394800.1	1204	3434	-1
326	21	30	Aqcoe3G141100.1	Aqcoe5G396500.1	1209	3448	-1
327	21	30	Aqcoe3G141400.1	Aqcoe5G396800.1	1211	3450	-1
328	21	30	Aqcoe3G141500.1	Aqcoe5G397600.1	1212	3458	-1
329	21	30	Aqcoe3G142000.1	Aqcoe5G398400.1	1217	3466	-1
330	21	30	Aqcoe3G143300.1	Aqcoe5G398700.1	1230	3469	-1
331	21	30	Aqcoe3G143600.1	Aqcoe5G398800.1	1233	3470	-1
332	21	30	Aqcoe3G145300.1	Aqcoe5G401900.1	1250	3497	-1
333	21	30	Aqcoe3G145600.1	Aqcoe5G403700.1	1253	3511	-1
334	23	32	Aqcoe2G193000.1	Aqcoe7G229000.1	1730	1996	-1
335	23	32	Aqcoe2G193400.1	Aqcoe7G229400.1	1734	2000	-1
336	23	33	Aqcoe2G191700.1	Aqcoe7G226300.1	1718	1972	-1
337	26	38	Aqcoe3G377600.1	Aqcoe3G067500.1	3289	581	-1
338	26	38	Aqcoe3G378300.1	Aqcoe3G068000.1	3296	586	-1
339	26	38	Aqcoe3G378400.1	Aqcoe3G068100.1	3297	587	-1
340	26	38	Aqcoe3G378800.1	Aqcoe3G068200.1	3300	588	-1
341	26	38	Aqcoe3G382100.1	Aqcoe3G070300.1	3323	608	-1
342	26	38	Aqcoe3G382300.1	Aqcoe3G070700.1	3325	612	-1
343	26	38	Aqcoe3G382800.1	Aqcoe3G071400.1	3330	619	-1
344	26	38	Aqcoe3G383100.1	Aqcoe3G072000.1	3333	624	-1
345	26	38	Aqcoe3G383200.1	Aqcoe3G072900.1	3334	631	-1
346	26	38	Aqcoe3G384400.1	Aqcoe3G074300.1	3342	641	-1
347	26	38	Aqcoe3G384600.1	Aqcoe3G074700.1	3344	643	-1
348	26	38	Aqcoe3G384800.1	Aqcoe3G074900.1	3346	645	-1
349	27	39	Aqcoe3G398000.1	Aqcoe3G046500.1	3454	397	-1
350	27	40	Aqcoe3G393300.1	Aqcoe3G047400.1	3416	406	-1
351	27	40	Aqcoe3G394300.1	Aqcoe3G047900.1	3422	409	-1
352	27	40	Aqcoe3G394900.1	Aqcoe3G048400.1	3428	414	-1
353	27	40	Aqcoe3G395100.1	Aqcoe3G048500.1	3430	415	-1
354	27	40	Aqcoe3G395800.1	Aqcoe3G049000.1	3437	420	-1
355	27	40	Aqcoe3G396300.1	Aqcoe3G050100.1	3442	431	-1
356	27	40	Aqcoe3G396700.1	Aqcoe3G050200.1	3446	432	-1
357	27	40	Aqcoe3G396800.1	Aqcoe3G050300.1	3447	433	-1
358	28	41	Aqcoe2G119700.1	Aqcoe1G439400.1	1066	3798	-1
359	28	41	Aqcoe2G121100.1	Aqcoe1G440900.1	1076	3806	-1
360	28	41	Aqcoe2G123500.1	Aqcoe1G443200.1	1096	3826	-1
361	28	41	Aqcoe2G123600.1	Aqcoe1G443300.1	1097	3827	-1
362	28	41	Aqcoe2G124000.1	Aqcoe1G443900.1	1101	3833	-1
363	28	42	Aqcoe2G115700.1	Aqcoe1G438600.1	1033	3790	-1
364	28	42	Aqcoe2G116100.1	Aqcoe1G438300.1	1037	3787	-1
365	28	42	Aqcoe2G116200.1	Aqcoe1G438100.1	1038	3785	-1
366	28	42	Aqcoe2G117300.1	Aqcoe1G437000.1	1048	3775	-1
367	29	43	Aqcoe2G231100.1	Aqcoe1G101600.1	2082	899	-1
368	29	43	Aqcoe2G231200.1	Aqcoe1G101200.1	2083	896	-1
369	29	43	Aqcoe2G231300.1	Aqcoe1G100400.1	2084	889	-1
370	29	43	Aqcoe2G231900.1	Aqcoe1G099100.1	2090	876	-1
371	29	43	Aqcoe2G232000.1	Aqcoe1G099000.1	2091	875	-1
372	29	43	Aqcoe2G232100.1	Aqcoe1G098800.1	2092	873	-1
373	29	43	Aqcoe2G232300.1	Aqcoe1G098700.1	2094	872	-1
374	29	43	Aqcoe2G232600.1	Aqcoe1G098200.1	2097	868	-1
375	29	44	Aqcoe2G233000.1	Aqcoe1G095900.1	2101	847	-1
376	31	46	Aqcoe2G200100.1	Aqcoe2G195700.1	1798	1757	-1
377	32	47	Aqcoe6G126900.1	Aqcoe5G174600.1	1055	1512	-1
378	32	47	Aqcoe6G127000.1	Aqcoe5G174900.1	1056	1514	-1
379	32	47	Aqcoe6G127200.1	Aqcoe5G175100.1	1057	1515	-1
380	32	48	Aqcoe6G127600.1	Aqcoe5G187100.1	1061	1622	-1
381	32	48	Aqcoe6G128600.1	Aqcoe5G186500.1	1070	1616	-1
382	32	48	Aqcoe6G129700.1	Aqcoe5G183500.1	1081	1594	-1
383	32	48	Aqcoe6G130600.1	Aqcoe5G182600.1	1090	1585	-1
384	33	49	Aqcoe6G285400.1	Aqcoe5G103600.1	2430	914	-1
385	33	49	Aqcoe6G286900.1	Aqcoe5G104000.1	2443	918	-1
386	33	49	Aqcoe6G287400.1	Aqcoe5G104200.1	2448	920	-1
387	33	49	Aqcoe6G287600.1	Aqcoe5G104300.1	2450	921	-1
388	33	49	Aqcoe6G287800.1	Aqcoe5G104500.1	2452	923	-1
389	33	49	Aqcoe6G288200.1	Aqcoe5G104600.1	2456	924	-1
390	33	49	Aqcoe6G288700.1	Aqcoe5G104700.1	2461	925	-1
391	33	49	Aqcoe6G289300.1	Aqcoe5G105000.1	2467	928	-1
392	33	49	Aqcoe6G289900.1	Aqcoe5G105300.1	2472	931	-1
393	34	50	Aqcoe6G089300.1	Aqcoe5G164600.1	761	1434	-1
394	34	50	Aqcoe6G089600.1	Aqcoe5G165000.1	764	1438	-1
395	34	50	Aqcoe6G090300.1	Aqcoe5G165900.1	770	1447	-1
396	34	50	Aqcoe6G093200.1	Aqcoe5G167800.1	788	1465	-1
397	34	50	Aqcoe6G093300.1	Aqcoe5G167900.1	789	1466	-1
398	34	50	Aqcoe6G093600.1	Aqcoe5G168000.1	792	1467	-1
399	35	51	Aqcoe2G156800.1	Aqcoe1G121700.1	1386	1074	-1
400	35	51	Aqcoe2G157400.1	Aqcoe1G121200.1	1392	1069	-1
401	35	51	Aqcoe2G159500.1	Aqcoe1G120600.1	1410	1064	-1
402	35	51	Aqcoe2G159600.1	Aqcoe1G119900.1	1411	1057	-1
403	35	51	Aqcoe2G161200.1	Aqcoe1G119300.1	1427	1052	-1
404	35	51	Aqcoe2G161400.1	Aqcoe1G119200.1	1429	1051	-1
405	35	51	Aqcoe2G163000.1	Aqcoe1G118500.1	1445	1044	-1
406	35	51	Aqcoe2G163200.1	Aqcoe1G118000.1	1447	1039	-1
407	35	51	Aqcoe2G164500.1	Aqcoe1G117900.1	1459	1038	-1
408	35	51	Aqcoe2G164600.1	Aqcoe1G117700.1	1460	1037	-1
409	36	52	Aqcoe2G247300.1	Aqcoe5G290800.1	2215	2537	-1
410	36	52	Aqcoe2G249500.1	Aqcoe5G291700.1	2229	2543	-1
411	36	52	Aqcoe2G250200.1	Aqcoe5G292400.1	2236	2550	-1
412	36	52	Aqcoe2G251200.1	Aqcoe5G292900.1	2246	2554	-1
413	36	52	Aqcoe2G251700.1	Aqcoe5G293200.1	2250	2557	-1
414	37	53	Aqcoe2G061100.1	Aqcoe1G061100.1	533	552	-1
415	37	53	Aqcoe2G062100.1	Aqcoe1G063300.1	542	571	-1
416	37	53	Aqcoe2G062200.1	Aqcoe1G063400.1	543	572	-1
417	37	53	Aqcoe2G064900.1	Aqcoe1G065800.1	565	596	-1
418	37	53	Aqcoe2G065800.1	Aqcoe1G066700.1	573	605	-1
419	38	54	Aqcoe2G184200.1	Aqcoe1G115800.1	1649	1022	-1
420	38	54	Aqcoe2G184300.1	Aqcoe1G115500.1	1650	1019	-1
421	38	54	Aqcoe2G184400.1	Aqcoe1G115100.1	1651	1015	-1
422	38	54	Aqcoe2G185000.1	Aqcoe1G113800.1	1657	1006	-1
423	38	54	Aqcoe2G186400.1	Aqcoe1G113100.1	1667	999	-1
424	38	54	Aqcoe2G187000.1	Aqcoe1G112800.1	1673	996	-1
425	38	54	Aqcoe2G187100.1	Aqcoe1G112700.1	1674	995	-1
426	39	55	Aqcoe3G158300.1	Aqcoe5G344500.1	1366	3017	-1
427	39	55	Aqcoe3G158400.1	Aqcoe5G344700.1	1367	3019	-1
428	39	55	Aqcoe3G158700.1	Aqcoe5G344900.1	1369	3021	-1
429	39	55	Aqcoe3G160500.1	Aqcoe5G346000.1	1387	3032	-1
430	39	55	Aqcoe3G161100.1	Aqcoe5G346300.1	1393	3035	-1
431	40	56	Aqcoe4G043100.1	Aqcoe1G225300.1	309	1985	-1
432	40	56	Aqcoe4G043800.1	Aqcoe1G225500.1	315	1987	-1
433	40	56	Aqcoe4G044200.1	Aqcoe1G226200.1	318	1991	-1
434	40	56	Aqcoe4G048000.1	Aqcoe1G228400.1	343	2012	-1
435	40	56	Aqcoe4G048200.1	Aqcoe1G229100.1	345	2018	-1
436	41	57	Aqcoe2G081100.1	Aqcoe1G148100.1	715	1314	-1
437	41	57	Aqcoe2G081800.1	Aqcoe1G149100.1	722	1323	-1
438	41	57	Aqcoe2G083100.1	Aqcoe1G150400.1	734	1334	-1
439	41	57	Aqcoe2G083700.1	Aqcoe1G150700.1	739	1337	-1
440	41	57	Aqcoe2G084500.1	Aqcoe1G151900.1	747	1349	-1
441	41	57	Aqcoe2G084600.1	Aqcoe1G152200.1	748	1352	-1
442	42	58	Aqcoe2G148400.1	Aqcoe1G462900.1	1320	3993	-1
443	42	58	Aqcoe2G148500.1	Aqcoe1G462800.1	1321	3992	-1
444	42	58	Aqcoe2G149800.1	Aqcoe1G461900.1	1333	3983	-1
445	42	58	Aqcoe2G149900.1	Aqcoe1G461400.1	1334	3978	-1
446	42	58	Aqcoe2G150200.1	Aqcoe1G460600.1	1336	3971	-1
447	43	59	Aqcoe2G222200.1	Aqcoe1G109000.1	2005	961	-1
448	43	59	Aqcoe2G222400.1	Aqcoe1G108800.1	2007	959	-1
449	43	59	Aqcoe2G222800.1	Aqcoe1G108100.1	2011	952	-1
450	43	59	Aqcoe2G224400.1	Aqcoe1G106200.1	2025	936	-1
451	43	59	Aqcoe2G226100.1	Aqcoe1G104900.1	2038	925	-1
452	43	59	Aqcoe2G226300.1	Aqcoe1G104300.1	2040	921	-1
453	43	59	Aqcoe2G227300.1	Aqcoe1G103200.1	2049	910	-1
454	44	60	Aqcoe7G416500.1	Aqcoe7G142200.1	3600	1230	-1
455	44	60	Aqcoe7G416800.1	Aqcoe7G142300.1	3603	1231	-1
456	44	60	Aqcoe7G417000.1	Aqcoe7G142600.1	3605	1234	-1
457	44	60	Aqcoe7G417200.1	Aqcoe7G142900.1	3607	1237	-1
458	44	60	Aqcoe7G418600.1	Aqcoe7G144300.1	3615	1250	-1
459	44	60	Aqcoe7G419000.1	Aqcoe7G144800.1	3619	1255	-1
460	45	61	Aqcoe2G210300.1	Aqcoe7G229100.1	1894	1997	-1
461	45	61	Aqcoe2G210600.1	Aqcoe7G229400.1	1897	2000	-1
462	46	62	Aqcoe6G164200.1	Aqcoe5G113800.1	1353	1014	-1
463	46	62	Aqcoe6G164600.1	Aqcoe5G113700.1	1357	1013	-1
464	46	62	Aqcoe6G165500.1	Aqcoe5G113900.1	1365	1015	-1
465	46	62	Aqcoe6G165600.1	Aqcoe5G114300.1	1366	1019	-1
466	46	62	Aqcoe6G166300.1	Aqcoe5G115000.1	1372	1025	-1
467	46	62	Aqcoe6G167200.1	Aqcoe5G115300.1	1380	1028	-1
468	49	65	Aqcoe3G187700.1	Aqcoe5G373200.1	1640	3262	-1
469	49	65	Aqcoe3G188100.1	Aqcoe5G372700.1	1643	3258	-1
470	49	65	Aqcoe3G188900.1	Aqcoe5G372600.1	1650	3257	-1
471	49	65	Aqcoe3G189100.1	Aqcoe5G372300.1	1652	3254	-1
472	49	66	Aqcoe3G187400.1	Aqcoe5G374300.1	1637	3270	-1
473	49	66	Aqcoe3G187500.1	Aqcoe5G374400.1	1638	3271	-1
474	51	68	Aqcoe6G096900.1	Aqcoe5G173000.1	820	1508	-1
475	51	68	Aqcoe6G098900.1	Aqcoe5G172100.1	833	1500	-1
476	51	68	Aqcoe6G099100.1	Aqcoe5G171900.1	835	1498	-1
477	51	68	Aqcoe6G099300.1	Aqcoe5G171800.1	837	1497	-1
478	51	68	Aqcoe6G101900.1	Aqcoe5G170500.1	853	1488	-1
479	52	69	Aqcoe4G072300.1	Aqcoe1G249600.1	510	2186	-1
480	52	69	Aqcoe4G073000.1	Aqcoe1G248500.1	517	2178	-1
481	53	70	Aqcoe4G068200.1	Aqcoe1G242500.1	477	2127	-1
482	53	70	Aqcoe4G068400.1	Aqcoe1G242800.1	479	2129	-1
483	54	71	Aqcoe2G074800.1	Aqcoe1G404800.1	657	3499	-1
484	54	71	Aqcoe2G075300.1	Aqcoe1G402700.1	662	3488	-1
485	54	71	Aqcoe2G076100.1	Aqcoe1G401500.1	670	3478	-1
486	61	78	Aqcoe6G309900.1	Aqcoe5G142000.1	2621	1251	-1
487	61	78	Aqcoe6G311500.1	Aqcoe5G142900.1	2629	1257	-1
488	61	78	Aqcoe6G311800.1	Aqcoe5G143300.1	2632	1261	-1
489	61	78	Aqcoe6G312400.1	Aqcoe5G143700.1	2635	1265	-1
490	62	79	Aqcoe6G253600.1	Aqcoe5G179400.1	2145	1556	-1
491	62	79	Aqcoe6G254100.1	Aqcoe5G179600.1	2149	1558	-1
492	62	79	Aqcoe6G254500.1	Aqcoe5G179700.1	2153	1559	-1
493	62	79	Aqcoe6G255000.1	Aqcoe5G180100.1	2158	1562	-1
494	62	79	Aqcoe6G255100.1	Aqcoe5G180200.1	2159	1563	-1
495	63	80	Aqcoe4G297100.1	Aqcoe1G337900.1	2283	2957	-1
496	63	80	Aqcoe4G297300.1	Aqcoe1G338100.1	2285	2959	-1
497	63	80	Aqcoe4G297400.1	Aqcoe1G338400.1	2286	2962	-1
498	63	80	Aqcoe4G297900.1	Aqcoe1G338900.1	2291	2967	-1
499	63	80	Aqcoe4G298000.1	Aqcoe1G339100.1	2292	2969	-1
500	64	81	Aqcoe7G010800.1	Aqcoe5G459600.1	106	3970	-1
501	64	81	Aqcoe7G011100.1	Aqcoe5G459300.1	109	3967	-1
502	64	81	Aqcoe7G012000.1	Aqcoe5G458600.1	118	3960	-1
503	64	81	Aqcoe7G012300.1	Aqcoe5G458500.1	121	3959	-1
504	64	81	Aqcoe7G012700.1	Aqcoe5G457100.1	125	3956	-1
505	64	81	Aqcoe7G012800.1	Aqcoe5G456800.1	126	3953	-1
506	65	82	Aqcoe6G323900.1	Aqcoe5G113600.1	2724	1012	-1
507	65	82	Aqcoe6G324500.1	Aqcoe5G113200.1	2730	1008	-1
508	65	82	Aqcoe6G326400.1	Aqcoe5G112200.1	2746	999	-1
509	65	82	Aqcoe6G327700.1	Aqcoe5G111900.1	2758	996	-1
510	66	83	Aqcoe4G185700.1	Aqcoe1G270100.1	1371	2378	-1
511	68	85	Aqcoe3G347800.1	Aqcoe3G287000.1	3038	2520	-1
512	70	87	Aqcoe6G174800.1	Aqcoe5G120600.1	1451	1080	-1
513	70	87	Aqcoe6G175000.1	Aqcoe5G120700.1	1452	1081	-1
514	70	87	Aqcoe6G175700.1	Aqcoe5G121400.1	1458	1087	-1
515	75	92	Aqcoe7G425400.1	Aqcoe7G125300.1	3676	1083	-1
516	75	92	Aqcoe7G425800.1	Aqcoe7G124300.1	3680	1074	-1
517	75	92	Aqcoe7G426200.1	Aqcoe7G124000.1	3684	1071	-1
518	75	92	Aqcoe7G426400.1	Aqcoe7G123600.1	3686	1067	-1
519	75	92	Aqcoe7G426500.1	Aqcoe7G123300.1	3687	1065	-1
520	78	95	Aqcoe1G269800.1	Aqcoe4G110300.1	27	801	-1
521	233	250	Aqcoe4G110300.1	Aqcoe1G269800.1	801	2375	-1
522	78	95	Aqcoe1G269500.1	Aqcoe4G110000.1	30	798	-1
523	233	250	Aqcoe4G110000.1	Aqcoe1G269500.1	798	2373	-1
524	79	96	Aqcoe4G076100.1	Aqcoe1G250700.1	530	2197	-1
525	79	96	Aqcoe4G076700.1	Aqcoe1G251000.1	536	2200	-1
526	79	96	Aqcoe4G078700.1	Aqcoe1G252400.1	554	2214	-1
527	81	98	Aqcoe6G123800.1	Aqcoe5G231700.1	1034	2009	-1
528	81	98	Aqcoe6G124600.1	Aqcoe5G232100.1	1041	2013	-1
529	82	99	Aqcoe7G016600.1	Aqcoe5G447100.1	159	3873	-1
530	82	99	Aqcoe7G017100.1	Aqcoe5G445700.1	164	3861	-1
531	82	99	Aqcoe7G017200.1	Aqcoe5G445600.1	165	3860	-1
532	82	99	Aqcoe7G017800.1	Aqcoe5G444300.1	169	3847	-1
533	84	101	Aqcoe2G238700.1	Aqcoe5G288600.1	2145	2516	-1
534	84	101	Aqcoe2G238800.1	Aqcoe5G288300.1	2146	2513	-1
535	84	101	Aqcoe2G241900.1	Aqcoe5G286900.1	2174	2500	-1
536	87	104	Aqcoe4G024600.1	Aqcoe1G212100.1	189	1875	-1
537	87	104	Aqcoe4G026700.1	Aqcoe1G214300.1	200	1890	-1
538	87	104	Aqcoe4G026800.1	Aqcoe1G214800.1	201	1893	-1
539	87	104	Aqcoe4G028700.1	Aqcoe1G216800.1	217	1912	-1
540	90	107	Aqcoe7G411200.1	Aqcoe7G157900.1	3555	1368	-1
541	90	107	Aqcoe7G411800.1	Aqcoe7G159500.1	3561	1381	-1
542	90	107	Aqcoe7G412500.1	Aqcoe7G160200.1	3568	1387	-1
543	90	107	Aqcoe7G414100.1	Aqcoe7G162200.1	3579	1404	-1
544	92	109	Aqcoe6G181700.1	Aqcoe5G122000.1	1504	1093	-1
545	92	109	Aqcoe6G181900.1	Aqcoe5G122100.1	1505	1094	-1
546	92	109	Aqcoe6G182900.1	Aqcoe5G123900.1	1515	1111	-1
547	96	113	Aqcoe2G304500.1	Aqcoe5G082300.1	2679	720	-1
548	96	113	Aqcoe2G304700.1	Aqcoe5G082200.1	2681	719	-1
549	96	113	Aqcoe2G307100.1	Aqcoe5G079700.1	2703	698	-1
550	97	114	Aqcoe7G348300.1	Aqcoe7G220700.1	3040	1920	-1
551	97	114	Aqcoe7G350800.1	Aqcoe7G220300.1	3057	1916	-1
552	99	116	Aqcoe0024s0003.1	Aqcoe2G158800.1	2	1405	-1
553	101	118	Aqcoe2G163800.1	Aqcoe7G231300.1	1453	2019	-1
554	106	123	Aqcoe2G200200.1	Aqcoe2G193000.1	1799	1730	-1
555	106	123	Aqcoe2G200600.1	Aqcoe2G193400.1	1803	1734	-1
556	111	128	Aqcoe3G197600.1	Aqcoe5G352600.1	1730	3085	-1
557	111	128	Aqcoe3G198200.1	Aqcoe5G353100.1	1731	3087	-1
558	111	128	Aqcoe3G198500.1	Aqcoe5G353300.1	1734	3089	-1
559	113	130	Aqcoe2G189000.1	Aqcoe2G163800.1	1692	1453	-1
560	116	133	Aqcoe2G210100.1	Aqcoe2G193000.1	1892	1730	-1
561	117	134	Aqcoe3G205900.1	Aqcoe5G339300.1	1804	2972	-1
562	117	134	Aqcoe3G206400.1	Aqcoe5G340000.1	1809	2976	-1
563	120	137	Aqcoe7G029900.1	Aqcoe1G429600.1	280	3712	-1
564	120	137	Aqcoe7G030600.1	Aqcoe1G428900.1	284	3706	-1
565	122	139	Aqcoe4G300000.1	Aqcoe4G290300.1	2310	2231	-1
566	122	139	Aqcoe4G300100.1	Aqcoe4G290400.1	2311	2232	-1
567	122	139	Aqcoe4G300200.1	Aqcoe4G290800.1	2312	2236	-1
568	122	139	Aqcoe4G300300.1	Aqcoe4G290900.1	2313	2237	-1
569	130	147	Aqcoe2G054400.1	Aqcoe1G049900.1	476	450	-1
570	133	150	Aqcoe2G113400.1	Aqcoe1G436200.1	1014	3770	-1
571	134	151	Aqcoe2G103700.1	Aqcoe1G083400.1	924	747	-1
572	135	152	Aqcoe6G235100.1	Aqcoe5G130200.1	1979	1165	-1
573	135	152	Aqcoe6G235300.1	Aqcoe5G130300.1	1981	1166	-1
574	135	152	Aqcoe6G236100.1	Aqcoe5G130400.1	1989	1167	-1
575	135	152	Aqcoe6G236200.1	Aqcoe5G130500.1	1990	1168	-1
576	136	153	Aqcoe2G306700.1	Aqcoe5G077100.1	2699	690	-1
577	136	153	Aqcoe2G307600.1	Aqcoe5G079900.1	2708	700	-1
578	136	153	Aqcoe2G308200.1	Aqcoe5G080500.1	2712	706	-1
579	137	154	Aqcoe6G000500.1	Aqcoe2G159200.1	4	1407	-1
580	141	158	Aqcoe3G320400.1	Aqcoe3G098900.1	2801	854	-1
581	141	158	Aqcoe3G321900.1	Aqcoe3G097300.1	2810	839	-1
582	143	160	Aqcoe4G137200.1	Aqcoe5G387900.1	990	3393	-1
583	145	162	Aqcoe3G294900.1	Aqcoe3G115700.1	2588	985	-1
584	145	162	Aqcoe3G295100.1	Aqcoe3G115800.1	2590	986	-1
585	145	162	Aqcoe3G295400.1	Aqcoe3G116000.1	2593	988	-1
586	145	162	Aqcoe3G298300.1	Aqcoe3G117200.1	2609	998	-1
587	150	167	Aqcoe4G228000.1	Aqcoe4G194900.1	1750	1455	-1
588	152	169	Aqcoe2G167100.1	Aqcoe1G484900.1	1485	4179	-1
589	152	169	Aqcoe2G168100.1	Aqcoe1G483900.1	1495	4171	-1
590	152	169	Aqcoe2G170500.1	Aqcoe1G481400.1	1516	4148	-1
591	161	178	Aqcoe0127s0003.1	Aqcoe2G333600.1	2	2929	-1
592	173	190	Aqcoe3G152900.1	Aqcoe1G402500.1	1317	3486	-1
593	178	195	Aqcoe2G167100.1	Aqcoe1G488300.1	1485	4211	-1
594	178	195	Aqcoe2G167300.1	Aqcoe1G488100.1	1487	4209	-1
595	206	223	Aqcoe6G244200.1	Aqcoe5G176600.1	2055	1529	-1
596	206	223	Aqcoe6G244300.1	Aqcoe5G176700.1	2056	1530	-1
597	206	223	Aqcoe6G244500.1	Aqcoe5G177100.1	2058	1534	-1
598	207	224	Aqcoe6G238400.1	Aqcoe2G154700.1	2001	1371	-1
599	209	226	Aqcoe2G108500.1	Aqcoe1G444600.1	967	3840	-1
600	210	227	Aqcoe7G439500.1	Aqcoe7G105500.1	3805	921	-1
601	210	227	Aqcoe7G439600.1	Aqcoe7G105400.1	3806	920	-1
602	210	227	Aqcoe7G439900.1	Aqcoe7G104900.1	3809	915	-1
603	211	228	Aqcoe6G244500.1	Aqcoe6G165500.1	2058	1365	-1
604	213	230	Aqcoe4G290300.1	Aqcoe1G235700.1	2231	2078	-1
605	213	230	Aqcoe4G290400.1	Aqcoe1G235800.1	2232	2079	-1
606	213	230	Aqcoe4G290800.1	Aqcoe1G235900.1	2236	2080	-1
607	214	231	Aqcoe4G273100.1	Aqcoe1G390800.1	2104	3383	-1
608	214	231	Aqcoe4G273600.1	Aqcoe1G391200.1	2109	3387	-1
609	217	234	Aqcoe2G155100.1	Aqcoe5G221900.1	1374	1933	-1
610	218	235	Aqcoe6G302500.1	Aqcoe5G133400.1	2566	1189	-1
611	218	235	Aqcoe6G302700.1	Aqcoe5G133300.1	2567	1188	-1
612	220	237	Aqcoe7G393100.1	Aqcoe7G280400.1	3407	2470	-1
613	220	237	Aqcoe7G393700.1	Aqcoe7G280900.1	3413	2475	-1
614	220	237	Aqcoe7G394000.1	Aqcoe7G281200.1	3416	2478	-1
615	221	238	Aqcoe6G227000.1	Aqcoe5G127300.1	1907	1139	-1
616	221	238	Aqcoe6G227300.1	Aqcoe5G127200.1	1909	1138	-1
617	223	240	Aqcoe2G369300.1	Aqcoe1G102900.1	3241	907	-1
618	224	241	Aqcoe2G215600.1	Aqcoe1G123000.1	1946	1087	-1
619	224	241	Aqcoe2G215700.1	Aqcoe1G122900.1	1947	1086	-1
620	225	242	Aqcoe2G124200.1	Aqcoe1G111900.1	1103	987	-1
621	227	244	Aqcoe6G029000.1	Aqcoe5G264100.1	262	2290	-1
622	227	244	Aqcoe6G029100.1	Aqcoe5G264000.1	263	2289	-1
623	227	244	Aqcoe6G029700.1	Aqcoe5G263800.1	269	2287	-1
624	230	247	Aqcoe4G252100.1	Aqcoe1G368500.1	1947	3209	-1
625	235	252	Aqcoe7G235900.1	Aqcoe7G135200.1	2063	1172	-1
626	236	253	Aqcoe4G288400.1	Aqcoe4G270100.1	2220	2082	-1
627	240	257	Aqcoe4G046400.1	Aqcoe4G002400.1	331	23	-1
628	241	258	Aqcoe4G221500.1	Aqcoe1G299100.1	1691	2627	-1
629	241	258	Aqcoe4G222000.1	Aqcoe1G300100.1	1696	2635	-1
630	245	262	Aqcoe3G410900.1	Aqcoe3G342000.1	3565	2987	-1
631	246	263	Aqcoe7G395300.1	Aqcoe7G189300.1	3428	1643	-1
632	252	269	Aqcoe7G435600.1	Aqcoe1G120600.1	3773	1064	-1
633	254	271	Aqcoe4G056900.1	Aqcoe1G284000.1	399	2498	-1
634	254	271	Aqcoe4G058500.1	Aqcoe1G283200.1	411	2492	-1
635	257	274	Aqcoe6G043100.1	Aqcoe5G252700.1	383	2190	-1
636	257	274	Aqcoe6G043200.1	Aqcoe5G252800.1	384	2191	-1
637	257	274	Aqcoe6G044200.1	Aqcoe5G254900.1	394	2205	-1
638	262	279	Aqcoe4G288000.1	Aqcoe1G334700.1	2216	2928	-1
639	262	279	Aqcoe4G288200.1	Aqcoe1G334800.1	2218	2929	-1
640	262	279	Aqcoe4G290200.1	Aqcoe1G335200.1	2230	2933	-1
641	264	281	Aqcoe2G057300.1	Aqcoe1G055300.1	502	496	-1
642	267	284	Aqcoe5G432300.1	Aqcoe5G429500.1	3744	3723	-1
643	269	286	Aqcoe7G390100.1	Aqcoe7G277400.1	3378	2440	-1
644	269	286	Aqcoe7G390300.1	Aqcoe7G277200.1	3380	2438	-1
645	269	286	Aqcoe7G390800.1	Aqcoe7G275400.1	3385	2422	-1
646	276	293	Aqcoe4G058600.1	Aqcoe1G239400.1	412	2107	-1
647	276	293	Aqcoe4G061100.1	Aqcoe1G240500.1	432	2117	-1
648	276	293	Aqcoe4G061200.1	Aqcoe1G240600.1	433	2118	-1
